id_student,perfil_aluno,n_ciclos,consistencia,final_result
31296,Adiantado,5,0.6,Fail
35747,Insuficiente,1,1.0,Withdrawn
35796,Insuficiente,1,1.0,Fail
40857,Insuficiente,1,1.0,Withdrawn
40878,Equilibrado,5,1.0,Distinction
42552,Equilibrado,5,0.6,Pass
43958,Equilibrado,3,0.6666666666666666,Fail
45423,Adiantado,5,0.8,Fail
47861,Equilibrado,5,0.8,Pass
56637,Adiantado,5,0.6,Distinction
56667,Misto,4,0.5,Fail
58884,Equilibrado,5,0.8,Distinction
63112,Tardio,3,1.0,Withdrawn
64427,Equilibrado,5,1.0,Distinction
66892,Insuficiente,1,1.0,Withdrawn
69439,Insuficiente,2,0.5,Withdrawn
71159,Misto,5,0.4,Pass
74165,Misto,5,0.4,Pass
75107,Equilibrado,5,0.6,Distinction
77692,Tardio,5,1.0,Pass
77995,Misto,3,0.3333333333333333,Pass
79610,Adiantado,5,0.6,Pass
80438,Adiantado,4,0.75,Pass
84604,Adiantado,5,0.6,Distinction
85241,Insuficiente,1,1.0,Withdrawn
87264,Equilibrado,5,0.6,Distinction
87322,Misto,4,0.5,Pass
91801,Insuficiente,1,1.0,Withdrawn
94749,Equilibrado,3,0.6666666666666666,Fail
98256,Insuficiente,2,1.0,Withdrawn
101217,Insuficiente,1,1.0,Fail
102854,Equilibrado,5,0.6,Distinction
105125,Insuficiente,1,1.0,Withdrawn
105939,Misto,5,0.4,Pass
107455,Misto,5,0.4,Fail
108949,Insuficiente,2,0.5,Fail
109577,Misto,4,0.5,Pass
110820,Insuficiente,2,0.5,Withdrawn
113702,Insuficiente,2,1.0,Withdrawn
116529,Insuficiente,2,0.5,Fail
119310,Adiantado,5,0.8,Pass
119865,Equilibrado,5,0.6,Distinction
125063,Equilibrado,5,0.8,Fail
127179,Insuficiente,1,1.0,Withdrawn
129907,Adiantado,5,0.8,Distinction
130409,Misto,4,0.5,Pass
131597,Equilibrado,4,1.0,Pass
132423,Insuficiente,1,1.0,Withdrawn
132475,Adiantado,5,0.6,Pass
135280,Equilibrado,5,0.6,Distinction
136944,Misto,4,0.5,Pass
139206,Equilibrado,5,0.6,Distinction
142310,Equilibrado,5,0.6,Pass
143755,Adiantado,3,1.0,Pass
144959,Insuficiente,2,0.5,Withdrawn
149178,Adiantado,4,0.75,Pass
150282,Misto,5,0.4,Pass
152524,Equilibrado,5,0.8,Distinction
152917,Equilibrado,5,0.6,Distinction
155938,Adiantado,5,0.6,Pass
157225,Insuficiente,1,1.0,Withdrawn
159906,Misto,4,0.5,Pass
159947,Misto,5,0.4,Fail
164148,Equilibrado,5,0.6,Pass
166123,Equilibrado,5,0.8,Pass
169596,Equilibrado,3,0.6666666666666666,Fail
170874,Misto,5,0.4,Pass
171692,Insuficiente,2,0.5,Withdrawn
172493,Adiantado,5,0.6,Pass
173412,Insuficiente,2,0.5,Withdrawn
177492,Equilibrado,5,0.6,Distinction
184627,Insuficiente,1,1.0,Withdrawn
184720,Insuficiente,2,0.5,Fail
185994,Adiantado,5,0.8,Pass
191504,Insuficiente,1,1.0,Withdrawn
194163,Equilibrado,5,0.8,Pass
195246,Equilibrado,4,0.75,Fail
195552,Adiantado,5,0.8,Pass
197536,Tardio,4,1.0,Pass
199009,Equilibrado,5,1.0,Pass
204117,Insuficiente,2,0.5,Withdrawn
226955,Misto,4,0.5,Fail
228633,Adiantado,5,0.6,Pass
229498,Adiantado,5,0.6,Pass
230947,Insuficiente,1,1.0,Fail
232173,Equilibrado,5,0.6,Pass
234661,Equilibrado,5,0.6,Pass
235747,Insuficiente,1,1.0,Withdrawn
235768,Misto,4,0.5,Pass
235971,Equilibrado,5,0.6,Pass
236090,Equilibrado,5,0.8,Fail
237891,Misto,5,0.4,Pass
249357,Misto,5,0.4,Pass
251166,Adiantado,5,0.6,Fail
253633,Adiantado,5,0.6,Pass
253763,Equilibrado,5,0.6,Distinction
258245,Misto,5,0.4,Pass
258509,Equilibrado,5,0.6,Pass
258978,Misto,5,0.4,Pass
261863,Adiantado,3,0.6666666666666666,Withdrawn
262025,Tardio,5,0.8,Pass
262394,Tardio,5,0.8,Fail
263862,Misto,5,0.4,Distinction
265497,Misto,4,0.5,Pass
268823,Insuficiente,1,1.0,Fail
269584,Misto,5,0.4,Pass
270421,Tardio,5,0.8,Pass
275127,Insuficiente,1,1.0,Withdrawn
276265,Insuficiente,2,0.5,Pass
276337,Insuficiente,1,1.0,Withdrawn
277384,Insuficiente,2,1.0,Withdrawn
278380,Equilibrado,5,0.6,Pass
279440,Equilibrado,5,0.6,Pass
279653,Equilibrado,5,0.6,Distinction
279883,Insuficiente,1,1.0,Withdrawn
281134,Equilibrado,5,0.8,Pass
282849,Adiantado,5,0.6,Pass
283402,Misto,5,0.4,Pass
286778,Equilibrado,5,0.6,Distinction
287079,Adiantado,5,0.6,Fail
287258,Adiantado,5,1.0,Pass
289247,Equilibrado,5,0.8,Distinction
294112,Insuficiente,2,1.0,Fail
294219,Misto,5,0.4,Distinction
294920,Insuficiente,2,1.0,Withdrawn
294929,Misto,4,0.5,Pass
295893,Insuficiente,1,1.0,Fail
297218,Equilibrado,5,0.6,Pass
297341,Adiantado,4,0.75,Pass
301074,Equilibrado,5,0.8,Pass
301561,Insuficiente,2,0.5,Withdrawn
305064,Adiantado,5,0.6,Pass
305659,Tardio,5,0.6,Distinction
310205,Equilibrado,5,1.0,Fail
312126,Insuficiente,2,0.5,Withdrawn
312231,Misto,4,0.5,Pass
312960,Misto,5,0.4,Pass
315795,Adiantado,5,0.6,Pass
316082,Adiantado,5,0.6,Distinction
318139,Insuficiente,2,0.5,Withdrawn
318147,Adiantado,5,0.6,Pass
319073,Equilibrado,5,0.6,Pass
320133,Equilibrado,5,0.8,Distinction
320612,Adiantado,5,0.6,Distinction
322499,Insuficiente,2,1.0,Withdrawn
328797,Tardio,4,1.0,Fail
329895,Misto,3,0.3333333333333333,Pass
331789,Equilibrado,5,0.6,Pass
332237,Insuficiente,1,1.0,Fail
333993,Misto,5,0.4,Pass
334224,Adiantado,3,1.0,Withdrawn
335095,Equilibrado,4,0.75,Pass
337000,Adiantado,5,0.8,Pass
338689,Tardio,5,0.6,Pass
338806,Tardio,3,0.6666666666666666,Pass
339519,Misto,5,0.4,Pass
340831,Insuficiente,1,1.0,Withdrawn
341093,Insuficiente,1,1.0,Fail
341457,Tardio,3,0.6666666666666666,Withdrawn
341629,Equilibrado,5,0.6,Fail
343709,Tardio,4,0.75,Pass
345271,Adiantado,5,0.6,Distinction
347197,Equilibrado,5,0.6,Distinction
348108,Tardio,5,0.8,Pass
348324,Adiantado,5,0.8,Pass
349515,Misto,4,0.5,Pass
351147,Adiantado,5,0.6,Pass
354698,Tardio,5,0.8,Pass
355293,Adiantado,5,0.6,Pass
364066,Equilibrado,5,1.0,Distinction
366140,Equilibrado,5,0.6,Pass
367151,Misto,4,0.5,Withdrawn
369242,Equilibrado,5,0.6,Pass
369450,Equilibrado,5,0.6,Pass
369644,Insuficiente,2,0.5,Withdrawn
370735,Adiantado,5,0.6,Pass
372345,Misto,4,0.5,Pass
372509,Misto,5,0.4,Pass
372511,Tardio,5,0.8,Pass
374353,Insuficiente,2,0.5,Withdrawn
375527,Misto,4,0.5,Pass
378705,Insuficiente,2,1.0,Fail
378946,Adiantado,5,0.6,Pass
379278,Equilibrado,3,0.6666666666666666,Fail
379311,Insuficiente,2,0.5,Fail
379563,Insuficiente,1,1.0,Withdrawn
380952,Misto,4,0.5,Pass
381257,Adiantado,5,0.6,Pass
381414,Adiantado,5,0.6,Pass
381428,Insuficiente,2,1.0,Withdrawn
381529,Insuficiente,1,1.0,Withdrawn
383445,Misto,4,0.5,Fail
383602,Adiantado,5,0.6,Pass
383629,Misto,5,0.4,Pass
384107,Misto,4,0.5,Fail
386121,Insuficiente,1,1.0,Withdrawn
386389,Equilibrado,5,0.6,Pass
386956,Insuficiente,2,0.5,Withdrawn
389853,Insuficiente,2,0.5,Withdrawn
390070,Tardio,5,0.6,Fail
393141,Insuficiente,2,0.5,Fail
395758,Insuficiente,2,1.0,Withdrawn
396683,Misto,5,0.4,Pass
396834,Misto,4,0.5,Pass
396907,Misto,3,0.3333333333333333,Fail
397219,Equilibrado,5,0.6,Distinction
397292,Insuficiente,2,1.0,Fail
397671,Equilibrado,5,0.6,Distinction
398550,Equilibrado,5,0.6,Distinction
398630,Tardio,5,0.6,Pass
399429,Adiantado,5,0.6,Distinction
402695,Misto,5,0.4,Pass
405193,Equilibrado,5,0.6,Pass
407232,Equilibrado,5,0.6,Pass
408499,Insuficiente,2,0.5,Withdrawn
410407,Equilibrado,5,0.6,Distinction
410883,Tardio,5,1.0,Pass
411304,Misto,5,0.4,Pass
412353,Adiantado,5,0.6,Pass
413180,Misto,5,0.4,Pass
413709,Equilibrado,5,0.6,Pass
413949,Equilibrado,5,0.6,Pass
416199,Adiantado,5,0.8,Pass
416407,Adiantado,5,0.8,Pass
418201,Equilibrado,3,0.6666666666666666,Fail
419059,Misto,5,0.4,Distinction
419081,Insuficiente,2,0.5,Fail
420834,Insuficiente,1,1.0,Withdrawn
421070,Insuficiente,2,0.5,Withdrawn
423210,Tardio,5,1.0,Pass
423488,Tardio,4,0.75,Fail
423781,Misto,5,0.4,Pass
427256,Adiantado,5,0.6,Pass
429832,Tardio,5,0.6,Fail
431139,Adiantado,5,0.6,Pass
434476,Equilibrado,5,0.8,Pass
438063,Insuficiente,2,0.5,Fail
438644,Insuficiente,2,1.0,Fail
439950,Tardio,3,1.0,Fail
439995,Equilibrado,5,0.8,Pass
440818,Equilibrado,5,0.8,Pass
441165,Equilibrado,5,1.0,Pass
441421,Misto,3,0.3333333333333333,Fail
442199,Misto,4,0.5,Pass
442347,Insuficiente,1,1.0,Withdrawn
442563,Adiantado,5,0.6,Pass
442802,Adiantado,5,0.6,Pass
443151,Misto,5,0.4,Pass
443514,Equilibrado,5,0.6,Pass
443696,Misto,5,0.4,Fail
444011,Equilibrado,5,0.6,Pass
444619,Misto,5,0.4,Pass
444907,Misto,5,0.4,Pass
445686,Equilibrado,4,0.75,Pass
464522,Insuficiente,1,1.0,Withdrawn
465009,Insuficiente,1,1.0,Withdrawn
465078,Insuficiente,2,0.5,Withdrawn
465121,Misto,4,0.5,Fail
465294,Equilibrado,5,0.6,Pass
466120,Equilibrado,4,1.0,Fail
466807,Tardio,3,0.6666666666666666,Withdrawn
466987,Adiantado,5,0.6,Pass
467363,Misto,5,0.4,Fail
469499,Adiantado,5,0.6,Pass
471284,Tardio,5,0.6,Fail
474667,Tardio,5,0.6,Pass
475015,Equilibrado,5,0.6,Pass
476401,Equilibrado,5,0.8,Pass
476629,Equilibrado,5,0.6,Pass
477833,Equilibrado,5,0.8,Fail
479939,Equilibrado,5,1.0,Pass
480303,Insuficiente,2,0.5,Fail
481240,Insuficiente,1,1.0,Withdrawn
481717,Adiantado,5,0.6,Pass
482644,Equilibrado,5,0.6,Pass
483037,Equilibrado,5,0.6,Pass
483656,Insuficiente,2,0.5,Withdrawn
484010,Equilibrado,4,0.75,Fail
484494,Insuficiente,1,1.0,Withdrawn
484594,Equilibrado,5,0.6,Pass
485228,Adiantado,5,0.8,Fail
486087,Equilibrado,5,0.6,Distinction
486964,Misto,5,0.4,Pass
488525,Equilibrado,5,0.6,Pass
489553,Adiantado,4,0.75,Fail
490297,Insuficiente,1,1.0,Fail
491077,Insuficiente,1,1.0,Withdrawn
491126,Equilibrado,5,0.8,Pass
491756,Insuficiente,2,0.5,Withdrawn
491863,Misto,5,0.4,Pass
491959,Insuficiente,1,1.0,Withdrawn
492024,Tardio,5,0.6,Pass
492557,Insuficiente,2,1.0,Withdrawn
493793,Misto,5,0.4,Pass
494046,Equilibrado,4,1.0,Pass
494184,Equilibrado,5,0.6,Pass
496493,Insuficiente,2,0.5,Withdrawn
497415,Equilibrado,5,0.8,Pass
498442,Adiantado,5,0.6,Distinction
499244,Insuficiente,2,0.5,Withdrawn
499404,Equilibrado,5,1.0,Pass
500068,Adiantado,5,0.6,Pass
500618,Equilibrado,5,0.6,Pass
501444,Misto,5,0.4,Distinction
501897,Adiantado,4,0.75,Withdrawn
502011,Equilibrado,5,1.0,Pass
503684,Insuficiente,1,1.0,Withdrawn
504270,Insuficiente,1,1.0,Fail
505773,Adiantado,5,0.6,Distinction
506705,Tardio,5,0.6,Pass
507311,Insuficiente,1,1.0,Fail
507743,Equilibrado,5,0.6,Pass
507935,Adiantado,5,0.6,Distinction
508626,Equilibrado,5,1.0,Pass
509536,Adiantado,5,0.6,Pass
511309,Adiantado,5,0.8,Pass
511350,Tardio,3,1.0,Fail
511981,Misto,5,0.4,Pass
513272,Insuficiente,2,1.0,Fail
513422,Equilibrado,5,0.6,Pass
513428,Equilibrado,5,0.6,Pass
514078,Equilibrado,5,0.6,Pass
514556,Misto,4,0.5,Fail
516602,Misto,5,0.4,Distinction
517551,Equilibrado,5,0.8,Pass
519115,Equilibrado,5,0.8,Fail
521032,Insuficiente,1,1.0,Withdrawn
521115,Equilibrado,5,0.6,Pass
521153,Insuficiente,2,0.5,Fail
521255,Insuficiente,2,1.0,Fail
522082,Equilibrado,5,0.8,Pass
523017,Equilibrado,5,0.6,Pass
523249,Misto,5,0.4,Pass
524827,Insuficiente,2,1.0,Withdrawn
526721,Adiantado,5,0.6,Distinction
526819,Equilibrado,5,0.6,Fail
527619,Insuficiente,1,1.0,Withdrawn
529693,Tardio,5,0.6,Pass
529991,Equilibrado,5,0.8,Pass
530148,Misto,4,0.5,Withdrawn
531018,Equilibrado,5,0.8,Distinction
531871,Misto,5,0.4,Pass
532254,Adiantado,5,0.6,Pass
533418,Equilibrado,5,0.6,Distinction
534018,Insuficiente,1,1.0,Withdrawn
534112,Adiantado,4,0.75,Withdrawn
534457,Misto,5,0.4,Pass
535542,Insuficiente,1,1.0,Withdrawn
535671,Misto,4,0.5,Pass
535997,Insuficiente,2,0.5,Withdrawn
536351,Misto,5,0.4,Pass
536475,Tardio,5,0.8,Fail
536963,Equilibrado,5,0.6,Pass
537322,Equilibrado,5,0.6,Pass
537606,Insuficiente,2,0.5,Fail
537811,Equilibrado,5,0.6,Distinction
539308,Equilibrado,5,0.6,Fail
539945,Equilibrado,5,0.6,Pass
540723,Equilibrado,5,0.8,Pass
541532,Misto,4,0.5,Withdrawn
541921,Adiantado,5,0.6,Pass
542202,Adiantado,5,0.6,Pass
542550,Insuficiente,2,0.5,Withdrawn
543010,Adiantado,5,0.6,Fail
543432,Adiantado,3,0.6666666666666666,Withdrawn
544141,Insuficiente,2,0.5,Fail
544745,Misto,4,0.5,Fail
545164,Equilibrado,5,0.6,Pass
545962,Equilibrado,5,0.8,Pass
546547,Equilibrado,5,0.8,Pass
546645,Misto,5,0.4,Pass
547347,Equilibrado,5,0.6,Pass
549219,Misto,5,0.4,Pass
549321,Tardio,5,0.6,Distinction
549523,Insuficiente,2,0.5,Fail
549847,Equilibrado,5,0.6,Pass
550420,Equilibrado,5,0.6,Distinction
550703,Equilibrado,5,0.6,Distinction
552173,Equilibrado,5,0.6,Pass
553031,Equilibrado,5,0.6,Pass
553284,Equilibrado,5,0.6,Pass
553813,Tardio,4,0.75,Pass
554063,Equilibrado,5,1.0,Distinction
554525,Adiantado,5,0.6,Pass
555049,Equilibrado,5,0.6,Distinction
555827,Equilibrado,3,0.6666666666666666,Fail
556126,Misto,4,0.5,Pass
557085,Equilibrado,5,0.8,Distinction
557290,Adiantado,5,0.6,Pass
557792,Insuficiente,1,1.0,Withdrawn
557830,Insuficiente,1,1.0,Fail
558044,Equilibrado,5,0.8,Distinction
558342,Insuficiente,2,0.5,Fail
558764,Adiantado,5,0.6,Pass
560047,Equilibrado,5,0.6,Pass
560459,Misto,4,0.5,Withdrawn
560645,Equilibrado,5,0.6,Pass
560765,Insuficiente,1,1.0,Withdrawn
561231,Misto,5,0.4,Pass
562064,Tardio,3,1.0,Pass
562754,Equilibrado,5,0.8,Pass
562990,Equilibrado,4,0.75,Pass
563108,Equilibrado,5,0.6,Pass
563414,Equilibrado,5,0.6,Pass
564243,Equilibrado,5,0.8,Pass
564617,Equilibrado,5,1.0,Fail
564770,Insuficiente,1,1.0,Fail
564821,Insuficiente,1,1.0,Withdrawn
564933,Adiantado,5,0.8,Distinction
565017,Equilibrado,5,0.8,Pass
566823,Insuficiente,2,0.5,Fail
568987,Tardio,3,0.6666666666666666,Fail
568998,Insuficiente,2,0.5,Withdrawn
569034,Equilibrado,5,0.8,Pass
569080,Equilibrado,5,1.0,Pass
569108,Equilibrado,5,0.8,Distinction
569876,Equilibrado,5,0.6,Pass
570004,Adiantado,3,0.6666666666666666,Fail
570213,Misto,5,0.4,Fail
570689,Insuficiente,2,0.5,Fail
571074,Adiantado,5,0.6,Distinction
571950,Insuficiente,1,1.0,Withdrawn
572071,Insuficiente,1,1.0,Fail
572074,Misto,4,0.5,Pass
572213,Tardio,5,0.6,Distinction
572265,Insuficiente,2,1.0,Fail
573007,Insuficiente,1,1.0,Withdrawn
573583,Tardio,5,0.8,Pass
573697,Insuficiente,2,0.5,Withdrawn
574527,Equilibrado,5,0.6,Fail
574695,Insuficiente,1,1.0,Withdrawn
575069,Equilibrado,5,0.8,Pass
575112,Misto,5,0.4,Pass
575302,Equilibrado,5,0.6,Pass
575685,Equilibrado,3,0.6666666666666666,Fail
577032,Adiantado,4,0.75,Fail
577429,Equilibrado,3,0.6666666666666666,Fail
577533,Misto,4,0.5,Pass
578152,Adiantado,5,0.6,Pass
578495,Insuficiente,1,1.0,Withdrawn
578847,Adiantado,5,0.8,Distinction
579221,Insuficiente,2,1.0,Withdrawn
579660,Tardio,5,0.6,Pass
579686,Equilibrado,5,0.6,Pass
580459,Adiantado,5,0.6,Pass
580834,Equilibrado,5,0.8,Distinction
580845,Equilibrado,5,0.6,Pass
580926,Insuficiente,2,1.0,Fail
581219,Insuficiente,1,1.0,Fail
581253,Equilibrado,5,0.6,Pass
581659,Equilibrado,5,0.6,Distinction
581779,Equilibrado,5,0.8,Pass
582034,Equilibrado,3,0.6666666666666666,Withdrawn
582117,Adiantado,5,0.6,Pass
582266,Misto,4,0.5,Fail
582332,Equilibrado,5,0.6,Distinction
582530,Insuficiente,2,1.0,Fail
582653,Tardio,5,0.6,Pass
582670,Adiantado,4,0.75,Fail
583056,Misto,4,0.5,Fail
583318,Equilibrado,5,0.6,Pass
583487,Equilibrado,5,0.8,Pass
584515,Adiantado,5,0.6,Pass
584673,Insuficiente,2,0.5,Fail
585224,Equilibrado,5,0.8,Pass
585261,Equilibrado,4,1.0,Pass
585284,Equilibrado,5,0.8,Pass
585503,Equilibrado,5,0.8,Distinction
585572,Equilibrado,4,0.75,Fail
585825,Adiantado,3,0.6666666666666666,Withdrawn
585958,Adiantado,5,0.6,Pass
586811,Insuficiente,1,1.0,Fail
586906,Equilibrado,5,0.6,Pass
587509,Insuficiente,1,1.0,Fail
587571,Equilibrado,5,0.6,Distinction
587654,Insuficiente,2,0.5,Withdrawn
587706,Insuficiente,2,0.5,Fail
588128,Misto,5,0.4,Pass
588628,Equilibrado,5,0.6,Pass
589080,Adiantado,5,0.6,Distinction
589162,Equilibrado,5,0.6,Pass
589332,Equilibrado,5,0.6,Pass
589389,Misto,4,0.5,Pass
589441,Insuficiente,2,1.0,Withdrawn
589798,Insuficiente,1,1.0,Withdrawn
589828,Tardio,5,0.6,Pass
590120,Equilibrado,5,0.6,Pass
590462,Insuficiente,1,1.0,Withdrawn
591525,Adiantado,5,0.6,Pass
591581,Equilibrado,5,1.0,Pass
591746,Equilibrado,3,1.0,Withdrawn
591946,Adiantado,5,0.6,Pass
592218,Equilibrado,5,1.0,Pass
592295,Adiantado,5,0.6,Pass
592558,Equilibrado,5,0.8,Pass
592939,Adiantado,5,0.6,Pass
593136,Adiantado,5,0.6,Pass
593563,Adiantado,5,0.6,Pass
593722,Equilibrado,5,0.8,Fail
593796,Equilibrado,5,0.6,Distinction
594065,Equilibrado,5,0.8,Distinction
594122,Equilibrado,5,0.8,Pass
594229,Equilibrado,5,0.6,Pass
594258,Misto,5,0.4,Fail
594406,Equilibrado,4,0.75,Fail
594615,Insuficiente,2,0.5,Fail
594636,Equilibrado,5,0.8,Pass
595262,Equilibrado,3,1.0,Withdrawn
595721,Misto,5,0.4,Pass
595943,Equilibrado,5,0.8,Pass
596052,Insuficiente,1,1.0,Withdrawn
596203,Insuficiente,1,1.0,Withdrawn
596243,Misto,5,0.4,Pass
596253,Misto,5,0.4,Pass
596464,Insuficiente,1,1.0,Withdrawn
596758,Equilibrado,5,0.6,Pass
596805,Insuficiente,2,0.5,Withdrawn
597740,Misto,5,0.4,Pass
597937,Equilibrado,5,1.0,Fail
598308,Equilibrado,5,0.6,Pass
598540,Adiantado,5,0.6,Pass
598559,Equilibrado,5,0.6,Pass
598757,Insuficiente,1,1.0,Fail
599297,Insuficiente,2,0.5,Fail
599865,Insuficiente,2,0.5,Fail
600071,Equilibrado,5,0.6,Pass
600405,Insuficiente,2,1.0,Fail
600615,Insuficiente,2,1.0,Withdrawn
600773,Equilibrado,4,1.0,Withdrawn
600893,Insuficiente,2,0.5,Fail
601008,Tardio,5,0.8,Pass
601235,Equilibrado,5,0.6,Pass
601271,Equilibrado,5,0.6,Fail
601680,Equilibrado,3,0.6666666666666666,Withdrawn
601820,Tardio,4,1.0,Pass
602594,Equilibrado,5,0.6,Pass
603648,Equilibrado,5,0.6,Pass
603931,Insuficiente,2,0.5,Withdrawn
604567,Misto,5,0.4,Pass
604614,Adiantado,5,0.6,Pass
604907,Insuficiente,1,1.0,Fail
605180,Misto,5,0.4,Pass
605228,Insuficiente,2,0.5,Fail
605394,Tardio,3,0.6666666666666666,Fail
605682,Equilibrado,5,0.6,Pass
606257,Equilibrado,5,0.6,Pass
606428,Insuficiente,2,0.5,Withdrawn
606805,Tardio,4,0.75,Withdrawn
606904,Misto,5,0.4,Fail
607243,Equilibrado,5,0.8,Pass
607303,Equilibrado,5,0.6,Pass
607501,Adiantado,5,0.6,Pass
607679,Equilibrado,5,0.6,Pass
607700,Adiantado,5,0.6,Pass
607733,Insuficiente,1,1.0,Withdrawn
607866,Insuficiente,1,1.0,Pass
609142,Equilibrado,5,0.6,Distinction
609240,Equilibrado,5,0.6,Pass
611603,Misto,5,0.4,Pass
612842,Equilibrado,5,0.6,Pass
613165,Equilibrado,5,0.8,Pass
613330,Adiantado,5,0.8,Pass
613634,Adiantado,5,0.6,Pass
613899,Equilibrado,5,0.8,Distinction
613966,Insuficiente,2,1.0,Fail
614059,Misto,5,0.4,Pass
614984,Adiantado,5,0.6,Pass
615266,Equilibrado,5,0.6,Distinction
615299,Equilibrado,5,0.8,Distinction
615301,Misto,5,0.4,Pass
615302,Equilibrado,5,0.8,Pass
615306,Adiantado,5,0.6,Pass
615328,Misto,4,0.5,Withdrawn
615340,Adiantado,5,0.6,Pass
615342,Misto,5,0.4,Pass
615356,Equilibrado,4,1.0,Pass
616517,Adiantado,5,0.6,Distinction
616912,Equilibrado,5,0.6,Distinction
617010,Equilibrado,5,0.6,Pass
617119,Equilibrado,5,0.6,Pass
617150,Insuficiente,2,1.0,Withdrawn
617332,Insuficiente,1,1.0,Fail
617436,Misto,3,0.3333333333333333,Withdrawn
617580,Equilibrado,5,1.0,Pass
617783,Misto,4,0.5,Fail
617922,Equilibrado,5,0.6,Pass
618252,Insuficiente,1,1.0,Withdrawn
618663,Misto,5,0.4,Pass
619204,Tardio,5,0.6,Pass
619292,Equilibrado,5,0.6,Distinction
619321,Equilibrado,5,0.6,Pass
619502,Tardio,5,1.0,Pass
620094,Equilibrado,5,1.0,Distinction
620112,Insuficiente,2,0.5,Withdrawn
620269,Misto,5,0.4,Pass
620349,Equilibrado,4,0.75,Withdrawn
620431,Equilibrado,5,0.8,Pass
620740,Misto,5,0.4,Pass
620750,Insuficiente,2,0.5,Withdrawn
620810,Misto,5,0.4,Pass
622275,Equilibrado,3,0.6666666666666666,Withdrawn
622362,Insuficiente,1,1.0,Withdrawn
622481,Equilibrado,5,1.0,Distinction
622760,Equilibrado,5,0.6,Distinction
622899,Insuficiente,1,1.0,Withdrawn
622934,Tardio,5,0.6,Pass
622967,Equilibrado,3,0.6666666666666666,Fail
623166,Insuficiente,2,0.5,Withdrawn
623230,Insuficiente,2,0.5,Withdrawn
623471,Equilibrado,5,0.8,Pass
623589,Equilibrado,5,0.8,Distinction
623765,Equilibrado,5,1.0,Pass
623917,Insuficiente,1,1.0,Withdrawn
623955,Insuficiente,1,1.0,Fail
624282,Misto,5,0.4,Distinction
624864,Equilibrado,5,0.8,Distinction
624970,Adiantado,5,0.6,Pass
625245,Equilibrado,5,0.6,Pass
625330,Misto,4,0.5,Withdrawn
625515,Misto,4,0.5,Pass
625609,Insuficiente,2,0.5,Fail
625743,Adiantado,5,0.6,Pass
625802,Adiantado,5,0.6,Fail
625838,Equilibrado,5,0.8,Pass
626033,Equilibrado,5,0.8,Distinction
626349,Misto,4,0.5,Fail
626416,Equilibrado,5,0.6,Distinction
626454,Misto,5,0.4,Pass
626477,Equilibrado,5,0.6,Pass
626514,Equilibrado,5,0.6,Pass
626539,Insuficiente,1,1.0,Withdrawn
626552,Equilibrado,5,0.6,Pass
626579,Misto,5,0.4,Fail
627365,Adiantado,5,0.6,Distinction
627379,Insuficiente,1,1.0,Withdrawn
627829,Equilibrado,5,0.6,Pass
628149,Equilibrado,5,0.6,Pass
628157,Tardio,5,0.6,Pass
628308,Insuficiente,2,1.0,Withdrawn
628383,Equilibrado,5,0.8,Pass
628521,Tardio,5,0.6,Pass
628888,Adiantado,5,0.6,Pass
628964,Equilibrado,5,0.8,Distinction
629029,Equilibrado,5,1.0,Fail
629182,Insuficiente,2,0.5,Fail
629491,Equilibrado,5,0.8,Pass
629522,Tardio,3,0.6666666666666666,Withdrawn
629594,Insuficiente,2,1.0,Fail
629686,Insuficiente,1,1.0,Withdrawn
629818,Tardio,5,0.6,Distinction
629922,Misto,5,0.4,Pass
629944,Misto,5,0.4,Distinction
630109,Equilibrado,5,0.6,Pass
630158,Equilibrado,5,1.0,Pass
630168,Insuficiente,1,1.0,Withdrawn
630186,Insuficiente,1,1.0,Withdrawn
630745,Insuficiente,2,0.5,Withdrawn
630835,Equilibrado,5,0.6,Distinction
630905,Adiantado,5,0.6,Distinction
630910,Equilibrado,5,0.8,Pass
630992,Misto,4,0.5,Fail
631075,Insuficiente,1,1.0,Fail
631193,Insuficiente,1,1.0,Withdrawn
631438,Insuficiente,1,1.0,Fail
631524,Adiantado,3,1.0,Fail
631658,Equilibrado,5,0.8,Distinction
631681,Equilibrado,5,0.8,Pass
631715,Adiantado,5,0.6,Distinction
631740,Misto,5,0.4,Pass
631837,Equilibrado,5,0.6,Distinction
631924,Equilibrado,5,0.6,Distinction
632074,Equilibrado,5,0.6,Distinction
632179,Insuficiente,2,0.5,Withdrawn
632276,Insuficiente,1,1.0,Withdrawn
632290,Equilibrado,5,0.6,Pass
632458,Equilibrado,5,0.6,Distinction
632556,Misto,4,0.5,Fail
632597,Tardio,4,1.0,Pass
632826,Adiantado,5,0.8,Pass
632836,Misto,5,0.4,Pass
633079,Misto,5,0.4,Pass
633516,Equilibrado,5,0.8,Pass
633555,Adiantado,5,0.6,Distinction
633568,Equilibrado,5,0.6,Pass
633628,Insuficiente,2,0.5,Fail
633867,Equilibrado,5,0.6,Pass
633931,Equilibrado,5,1.0,Distinction
634088,Equilibrado,5,0.6,Distinction
634114,Equilibrado,3,0.6666666666666666,Fail
634512,Equilibrado,5,0.8,Pass
634526,Equilibrado,5,0.8,Pass
634601,Equilibrado,3,0.6666666666666666,Fail
634749,Equilibrado,5,0.6,Pass
634943,Insuficiente,1,1.0,Withdrawn
635184,Equilibrado,5,0.8,Fail
635410,Insuficiente,1,1.0,Fail
635746,Insuficiente,1,1.0,Withdrawn
635751,Misto,4,0.5,Fail
635795,Equilibrado,5,0.6,Pass
635903,Misto,4,0.5,Fail
635985,Insuficiente,1,1.0,Fail
636314,Adiantado,5,0.6,Pass
636375,Insuficiente,2,1.0,Withdrawn
636400,Adiantado,5,0.6,Pass
636408,Misto,5,0.4,Pass
636469,Misto,5,0.4,Distinction
636492,Insuficiente,1,1.0,Withdrawn
636547,Adiantado,4,0.75,Fail
636565,Tardio,5,0.8,Pass
636634,Insuficiente,1,1.0,Withdrawn
636656,Adiantado,5,0.8,Pass
636704,Misto,5,0.4,Fail
636783,Equilibrado,5,0.6,Distinction
636830,Adiantado,5,0.6,Distinction
636832,Equilibrado,5,1.0,Pass
637004,Equilibrado,5,0.6,Pass
637089,Tardio,3,0.6666666666666666,Fail
637358,Equilibrado,5,1.0,Pass
637509,Insuficiente,2,0.5,Fail
637514,Misto,3,0.3333333333333333,Withdrawn
637563,Insuficiente,2,0.5,Fail
637582,Equilibrado,5,0.6,Fail
637708,Equilibrado,5,0.6,Distinction
637788,Insuficiente,2,0.5,Fail
637800,Insuficiente,1,1.0,Withdrawn
637906,Adiantado,5,0.6,Pass
637939,Tardio,4,0.75,Fail
637980,Adiantado,5,0.6,Pass
638034,Misto,5,0.4,Pass
638388,Misto,5,0.4,Pass
638411,Adiantado,5,0.6,Pass
638498,Adiantado,5,0.6,Pass
638515,Misto,5,0.4,Pass
638625,Equilibrado,5,0.8,Pass
638655,Equilibrado,5,0.8,Pass
638677,Adiantado,4,0.75,Withdrawn
638831,Tardio,4,0.75,Fail
639028,Equilibrado,5,0.6,Pass
639231,Adiantado,5,0.6,Pass
639234,Misto,4,0.5,Withdrawn
639238,Insuficiente,2,1.0,Withdrawn
639522,Tardio,5,0.6,Pass
639919,Insuficiente,1,1.0,Withdrawn
640098,Equilibrado,5,0.6,Pass
640278,Equilibrado,5,0.8,Pass
640329,Adiantado,5,0.6,Pass
640429,Equilibrado,5,0.8,Distinction
640552,Insuficiente,1,1.0,Withdrawn
640584,Insuficiente,2,0.5,Withdrawn
640711,Equilibrado,5,0.6,Pass
640752,Equilibrado,4,0.75,Pass
640848,Misto,5,0.4,Pass
640892,Equilibrado,5,0.6,Pass
640913,Tardio,4,1.0,Pass
640927,Equilibrado,5,0.6,Pass
641085,Insuficiente,2,0.5,Fail
641137,Equilibrado,5,0.8,Distinction
641275,Insuficiente,1,1.0,Withdrawn
641309,Equilibrado,5,0.8,Pass
641311,Equilibrado,5,0.6,Distinction
641363,Tardio,5,0.8,Pass
641401,Misto,5,0.4,Distinction
641404,Insuficiente,1,1.0,Withdrawn
641433,Insuficiente,2,1.0,Fail
641461,Adiantado,5,0.6,Pass
641470,Equilibrado,3,0.6666666666666666,Fail
641547,Tardio,5,0.8,Pass
641804,Insuficiente,2,0.5,Withdrawn
641864,Equilibrado,5,0.8,Distinction
641914,Adiantado,5,0.6,Pass
642029,Adiantado,5,0.6,Pass
642056,Misto,5,0.4,Distinction
642375,Equilibrado,5,0.8,Pass
642448,Adiantado,5,0.8,Pass
642449,Adiantado,5,0.6,Pass
642493,Adiantado,5,0.8,Pass
642496,Insuficiente,2,0.5,Withdrawn
642498,Equilibrado,5,1.0,Pass
642551,Equilibrado,5,0.6,Pass
642626,Insuficiente,2,0.5,Withdrawn
642730,Insuficiente,1,1.0,Fail
642740,Misto,5,0.4,Distinction
642750,Adiantado,5,0.8,Distinction
642790,Insuficiente,2,1.0,Withdrawn
642840,Equilibrado,3,1.0,Fail
642843,Equilibrado,5,0.6,Pass
642872,Equilibrado,5,0.6,Pass
642909,Tardio,5,0.6,Pass
642939,Insuficiente,1,1.0,Withdrawn
643069,Equilibrado,5,0.6,Pass
643202,Equilibrado,5,0.6,Distinction
643220,Tardio,5,0.6,Distinction
643273,Misto,5,0.4,Pass
643326,Equilibrado,5,0.8,Pass
643372,Insuficiente,2,0.5,Fail
643466,Adiantado,5,0.6,Pass
643477,Equilibrado,5,0.6,Pass
643496,Equilibrado,5,0.6,Pass
643502,Adiantado,5,0.6,Pass
643591,Equilibrado,5,0.6,Distinction
643653,Equilibrado,5,0.8,Pass
643690,Insuficiente,1,1.0,Withdrawn
643696,Adiantado,3,1.0,Fail
643751,Equilibrado,5,1.0,Distinction
643754,Equilibrado,5,0.6,Distinction
643757,Insuficiente,2,0.5,Fail
644025,Misto,5,0.4,Pass
644210,Equilibrado,5,0.6,Pass
644303,Insuficiente,1,1.0,Withdrawn
644343,Tardio,5,0.6,Pass
644361,Equilibrado,5,1.0,Pass
644369,Misto,5,0.4,Pass
644430,Insuficiente,1,1.0,Fail
644450,Equilibrado,5,0.6,Distinction
644508,Adiantado,5,0.6,Pass
644761,Equilibrado,5,0.6,Pass
644784,Misto,4,0.5,Pass
644791,Equilibrado,5,0.8,Pass
644818,Adiantado,5,0.8,Pass
644847,Equilibrado,4,0.75,Pass
644871,Insuficiente,1,1.0,Withdrawn
644936,Misto,5,0.4,Pass
644974,Equilibrado,5,0.6,Distinction
645003,Equilibrado,3,0.6666666666666666,Fail
645020,Equilibrado,5,0.6,Pass
645078,Equilibrado,5,0.8,Distinction
645145,Adiantado,3,1.0,Fail
645366,Insuficiente,1,1.0,Withdrawn
645405,Equilibrado,5,0.8,Pass
645433,Misto,4,0.5,Withdrawn
645496,Equilibrado,4,0.75,Fail
645518,Equilibrado,5,0.6,Fail
645586,Tardio,5,0.6,Pass
645705,Equilibrado,5,0.8,Pass
645732,Equilibrado,3,0.6666666666666666,Pass
645784,Equilibrado,5,1.0,Pass
645790,Insuficiente,2,0.5,Fail
645840,Equilibrado,5,0.8,Fail
645880,Tardio,4,0.75,Fail
645948,Misto,4,0.5,Pass
645960,Tardio,5,0.6,Pass
645997,Equilibrado,5,0.8,Pass
646015,Equilibrado,5,0.6,Distinction
646017,Equilibrado,5,0.8,Pass
646053,Equilibrado,5,0.6,Pass
646074,Adiantado,5,0.6,Pass
646085,Equilibrado,5,0.6,Distinction
646091,Insuficiente,1,1.0,Withdrawn
646138,Equilibrado,5,0.6,Pass
646313,Misto,5,0.4,Pass
646357,Equilibrado,5,0.6,Distinction
646402,Equilibrado,5,1.0,Pass
646460,Adiantado,5,0.6,Pass
646539,Tardio,5,0.6,Pass
646540,Adiantado,5,0.6,Distinction
646551,Equilibrado,5,0.8,Pass
646638,Tardio,5,0.8,Pass
646670,Tardio,5,1.0,Pass
646734,Misto,4,0.5,Withdrawn
646742,Insuficiente,1,1.0,Withdrawn
646750,Misto,5,0.4,Pass
646778,Equilibrado,5,0.6,Distinction
646807,Equilibrado,3,1.0,Withdrawn
646990,Equilibrado,5,1.0,Pass
647005,Insuficiente,2,0.5,Withdrawn
647033,Insuficiente,1,1.0,Withdrawn
647040,Equilibrado,5,0.6,Pass
647045,Insuficiente,1,1.0,Fail
647154,Tardio,5,0.6,Pass
647169,Adiantado,5,0.6,Distinction
647171,Insuficiente,1,1.0,Fail
647210,Insuficiente,1,1.0,Withdrawn
647320,Adiantado,5,0.6,Pass
647324,Adiantado,5,0.6,Distinction
647339,Insuficiente,2,0.5,Fail
647348,Insuficiente,2,0.5,Withdrawn
647391,Tardio,5,0.6,Pass
647398,Adiantado,5,0.6,Pass
647399,Equilibrado,5,1.0,Pass
647425,Equilibrado,5,0.6,Pass
647485,Misto,5,0.4,Pass
647496,Equilibrado,4,0.75,Pass
647525,Insuficiente,1,1.0,Withdrawn
647765,Misto,5,0.4,Pass
647784,Insuficiente,1,1.0,Withdrawn
647841,Equilibrado,5,1.0,Pass
647898,Adiantado,5,0.8,Distinction
647910,Tardio,3,1.0,Fail
647915,Insuficiente,1,1.0,Withdrawn
647945,Adiantado,5,0.6,Pass
647987,Misto,4,0.5,Fail
648027,Misto,5,0.4,Pass
648037,Equilibrado,5,0.8,Distinction
648038,Equilibrado,5,0.6,Pass
648040,Equilibrado,5,0.6,Pass
648086,Equilibrado,5,1.0,Pass
648105,Equilibrado,5,0.8,Pass
648114,Equilibrado,5,0.8,Pass
648116,Adiantado,5,0.6,Pass
648140,Equilibrado,5,0.8,Pass
648190,Insuficiente,1,1.0,Fail
648244,Insuficiente,2,0.5,Fail
648254,Tardio,5,0.6,Pass
648287,Equilibrado,5,0.8,Pass
648353,Insuficiente,2,0.5,Fail
648365,Equilibrado,5,0.6,Pass
648366,Adiantado,5,0.6,Distinction
648455,Insuficiente,1,1.0,Fail
648457,Misto,5,0.4,Distinction
648470,Equilibrado,5,0.8,Distinction
648508,Insuficiente,2,0.5,Fail
648515,Insuficiente,2,1.0,Fail
648531,Equilibrado,5,1.0,Distinction
648536,Equilibrado,5,0.6,Distinction
648564,Misto,5,0.4,Pass
648571,Equilibrado,5,0.6,Distinction
648590,Misto,5,0.4,Pass
648613,Tardio,5,0.6,Pass
648661,Insuficiente,2,0.5,Fail
648685,Adiantado,5,0.6,Distinction
648725,Insuficiente,1,1.0,Withdrawn
648804,Misto,4,0.5,Fail
648815,Adiantado,5,0.6,Pass
648903,Equilibrado,5,0.6,Pass
648927,Insuficiente,1,1.0,Withdrawn
648972,Tardio,5,0.6,Pass
648995,Insuficiente,2,0.5,Withdrawn
649004,Equilibrado,5,1.0,Pass
649009,Tardio,4,0.75,Fail
649020,Insuficiente,1,1.0,Withdrawn
649036,Insuficiente,2,0.5,Withdrawn
649079,Equilibrado,4,0.75,Withdrawn
649084,Equilibrado,5,0.8,Pass
649093,Equilibrado,5,0.6,Distinction
649118,Misto,4,0.5,Pass
649141,Equilibrado,4,1.0,Withdrawn
649159,Equilibrado,5,0.6,Pass
649165,Equilibrado,5,0.6,Pass
649207,Equilibrado,5,0.8,Pass
649212,Misto,5,0.4,Pass
649230,Equilibrado,4,0.75,Withdrawn
649258,Tardio,5,0.6,Fail
649284,Tardio,5,0.6,Pass
649325,Adiantado,3,0.6666666666666666,Withdrawn
649336,Insuficiente,2,1.0,Withdrawn
649379,Equilibrado,5,0.8,Pass
649385,Insuficiente,2,0.5,Withdrawn
649400,Equilibrado,5,0.6,Pass
649434,Adiantado,5,0.6,Pass
649435,Adiantado,5,0.6,Pass
649457,Equilibrado,5,0.6,Pass
649469,Equilibrado,3,0.6666666666666666,Fail
649566,Tardio,3,0.6666666666666666,Fail
649580,Insuficiente,1,1.0,Withdrawn
649619,Equilibrado,5,0.6,Distinction
649735,Tardio,5,0.6,Pass
649806,Tardio,4,0.75,Fail
649891,Tardio,3,0.6666666666666666,Withdrawn
649952,Equilibrado,5,1.0,Pass
649954,Equilibrado,3,0.6666666666666666,Withdrawn
649979,Misto,5,0.4,Pass
650031,Misto,4,0.5,Fail
650048,Insuficiente,1,1.0,Fail
650054,Equilibrado,3,0.6666666666666666,Withdrawn
650085,Insuficiente,1,1.0,Withdrawn
650108,Adiantado,5,0.6,Pass
650123,Insuficiente,2,0.5,Withdrawn
650148,Insuficiente,2,0.5,Withdrawn
650160,Adiantado,5,0.6,Distinction
650170,Equilibrado,3,0.6666666666666666,Fail
650251,Equilibrado,5,0.8,Distinction
650287,Insuficiente,2,0.5,Withdrawn
650363,Tardio,5,0.6,Pass
650370,Misto,5,0.4,Pass
650424,Equilibrado,5,0.6,Pass
650461,Misto,4,0.5,Pass
650469,Equilibrado,5,0.6,Pass
650473,Adiantado,5,0.8,Pass
650543,Insuficiente,1,1.0,Fail
650570,Adiantado,5,0.6,Pass
650682,Equilibrado,3,0.6666666666666666,Withdrawn
650716,Insuficiente,1,1.0,Fail
650717,Insuficiente,2,0.5,Withdrawn
650758,Tardio,3,0.6666666666666666,Fail
650861,Tardio,3,0.6666666666666666,Fail
650866,Equilibrado,5,0.8,Pass
650923,Adiantado,5,0.6,Pass
650960,Misto,5,0.4,Pass
651040,Misto,5,0.4,Pass
651121,Equilibrado,5,0.6,Pass
651126,Misto,5,0.4,Pass
651182,Misto,4,0.5,Pass
651200,Adiantado,3,0.6666666666666666,Fail
651238,Equilibrado,4,0.75,Pass
651253,Insuficiente,2,0.5,Withdrawn
651330,Tardio,4,1.0,Fail
651334,Insuficiente,2,0.5,Fail
651354,Equilibrado,5,0.6,Pass
651381,Equilibrado,5,0.6,Pass
651398,Insuficiente,1,1.0,Withdrawn
651419,Equilibrado,5,0.6,Pass
651478,Equilibrado,5,0.8,Distinction
651498,Equilibrado,5,0.8,Pass
651555,Tardio,5,1.0,Distinction
651598,Equilibrado,5,0.6,Distinction
651693,Tardio,3,1.0,Fail
651881,Equilibrado,5,0.6,Pass
651886,Insuficiente,2,1.0,Withdrawn
651927,Adiantado,5,0.6,Distinction
651972,Insuficiente,1,1.0,Fail
651990,Equilibrado,5,0.6,Pass
652008,Equilibrado,5,0.6,Pass
652064,Equilibrado,5,0.6,Distinction
652087,Equilibrado,5,0.8,Pass
652333,Adiantado,5,0.6,Pass
652335,Adiantado,5,0.6,Pass
652336,Insuficiente,1,1.0,Withdrawn
652438,Equilibrado,4,0.75,Pass
652576,Adiantado,5,0.6,Pass
652593,Insuficiente,1,1.0,Withdrawn
652625,Equilibrado,5,0.6,Distinction
652647,Insuficiente,2,0.5,Fail
652659,Tardio,3,0.6666666666666666,Pass
652664,Misto,3,0.3333333333333333,Fail
652672,Adiantado,5,0.8,Pass
652684,Equilibrado,5,1.0,Distinction
652711,Misto,5,0.4,Pass
652752,Insuficiente,1,1.0,Fail
652753,Equilibrado,5,0.8,Pass
652769,Insuficiente,2,0.5,Fail
652788,Equilibrado,5,0.8,Distinction
652801,Insuficiente,2,0.5,Withdrawn
652824,Insuficiente,1,1.0,Fail
652832,Insuficiente,1,1.0,Withdrawn
652887,Adiantado,5,0.6,Pass
652890,Tardio,5,0.8,Fail
652898,Adiantado,5,0.6,Pass
652994,Tardio,5,0.8,Pass
652998,Insuficiente,1,1.0,Fail
653045,Adiantado,5,0.6,Pass
653115,Tardio,4,0.75,Pass
653144,Misto,4,0.5,Withdrawn
653183,Insuficiente,1,1.0,Withdrawn
653297,Equilibrado,5,0.6,Pass
653301,Equilibrado,5,0.6,Pass
653356,Insuficiente,2,1.0,Withdrawn
653372,Insuficiente,2,0.5,Withdrawn
653381,Equilibrado,5,0.6,Pass
653417,Tardio,5,0.8,Pass
653536,Misto,4,0.5,Pass
653558,Adiantado,5,1.0,Pass
653567,Tardio,5,0.6,Pass
653595,Equilibrado,5,0.6,Pass
653653,Adiantado,5,0.8,Pass
653659,Insuficiente,2,1.0,Fail
653773,Equilibrado,5,0.8,Pass
653797,Insuficiente,2,0.5,Withdrawn
653841,Adiantado,4,0.75,Pass
653846,Insuficiente,1,1.0,Withdrawn
653857,Adiantado,4,0.75,Fail
653988,Insuficiente,1,1.0,Fail
654045,Equilibrado,5,0.6,Pass
654048,Insuficiente,2,0.5,Withdrawn
654094,Insuficiente,1,1.0,Withdrawn
654112,Insuficiente,1,1.0,Withdrawn
654114,Adiantado,5,0.6,Pass
654169,Equilibrado,5,0.6,Pass
654217,Equilibrado,5,0.8,Pass
654228,Insuficiente,2,1.0,Withdrawn
654236,Equilibrado,5,0.6,Pass
654260,Equilibrado,5,0.6,Distinction
654339,Misto,5,0.4,Pass
654351,Insuficiente,1,1.0,Fail
654441,Equilibrado,5,0.8,Fail
654563,Insuficiente,2,0.5,Withdrawn
654565,Tardio,5,0.6,Pass
654578,Equilibrado,5,0.6,Pass
654597,Equilibrado,5,0.6,Pass
654684,Misto,3,0.3333333333333333,Withdrawn
654692,Equilibrado,5,0.6,Fail
654738,Insuficiente,1,1.0,Withdrawn
654819,Equilibrado,5,0.6,Distinction
654824,Adiantado,5,0.6,Pass
654834,Adiantado,5,0.6,Distinction
654852,Equilibrado,3,1.0,Withdrawn
654867,Adiantado,5,0.6,Distinction
654947,Tardio,4,0.75,Fail
655028,Equilibrado,3,0.6666666666666666,Fail
655088,Insuficiente,1,1.0,Withdrawn
655113,Insuficiente,1,1.0,Withdrawn
655115,Equilibrado,5,0.8,Pass
655124,Tardio,4,0.75,Fail
655127,Equilibrado,5,0.8,Distinction
655353,Misto,4,0.5,Pass
655386,Equilibrado,5,0.6,Distinction
655412,Adiantado,5,0.6,Pass
655416,Insuficiente,2,0.5,Withdrawn
655445,Adiantado,5,0.6,Pass
655569,Adiantado,5,0.8,Pass
655629,Insuficiente,1,1.0,Withdrawn
655796,Adiantado,5,0.6,Pass
655852,Insuficiente,1,1.0,Withdrawn
655927,Tardio,5,0.6,Pass
655981,Adiantado,5,1.0,Pass
656029,Insuficiente,1,1.0,Withdrawn
656065,Equilibrado,5,0.6,Pass
656086,Equilibrado,3,1.0,Withdrawn
656092,Adiantado,5,0.8,Pass
656107,Insuficiente,1,1.0,Fail
656131,Equilibrado,5,0.8,Pass
656145,Insuficiente,2,0.5,Withdrawn
656158,Misto,5,0.4,Pass
656159,Adiantado,5,0.6,Distinction
656165,Equilibrado,5,0.6,Pass
656234,Equilibrado,5,0.6,Pass
656323,Equilibrado,5,0.6,Pass
656353,Equilibrado,3,0.6666666666666666,Pass
656360,Insuficiente,2,0.5,Withdrawn
656414,Adiantado,5,0.6,Pass
656436,Misto,4,0.5,Pass
656510,Insuficiente,1,1.0,Fail
656529,Misto,5,0.4,Pass
656579,Adiantado,5,0.6,Distinction
656607,Misto,5,0.4,Pass
656651,Equilibrado,5,0.6,Pass
656693,Insuficiente,1,1.0,Withdrawn
656734,Equilibrado,5,0.8,Distinction
656791,Equilibrado,5,0.8,Pass
656800,Insuficiente,2,0.5,Withdrawn
656882,Adiantado,5,0.6,Distinction
656988,Equilibrado,4,1.0,Fail
656996,Equilibrado,5,0.8,Pass
657048,Equilibrado,5,0.6,Pass
657181,Insuficiente,1,1.0,Withdrawn
657220,Misto,5,0.4,Pass
657330,Adiantado,5,0.6,Distinction
657344,Equilibrado,5,0.8,Distinction
674222,Adiantado,5,0.6,Pass
674226,Equilibrado,5,0.6,Pass
674236,Equilibrado,5,0.6,Distinction
674260,Insuficiente,1,1.0,Fail
674262,Adiantado,5,0.6,Distinction
674320,Misto,5,0.4,Pass
674387,Adiantado,5,0.6,Pass
674406,Adiantado,4,0.75,Pass
674451,Adiantado,5,0.8,Pass
674478,Tardio,3,0.6666666666666666,Fail
674484,Equilibrado,5,0.6,Pass
674497,Equilibrado,5,0.6,Pass
674509,Adiantado,5,0.6,Pass
674584,Equilibrado,5,0.6,Distinction
674594,Equilibrado,3,0.6666666666666666,Fail
674644,Equilibrado,5,0.6,Pass
674657,Equilibrado,5,0.6,Pass
674671,Adiantado,5,0.6,Pass
674691,Equilibrado,5,0.8,Distinction
674694,Adiantado,5,0.6,Pass
674699,Equilibrado,5,0.8,Distinction
674751,Misto,5,0.4,Distinction
674831,Equilibrado,5,0.6,Pass
674870,Adiantado,5,0.6,Pass
674921,Equilibrado,5,0.6,Distinction
675021,Tardio,5,0.6,Distinction
675054,Equilibrado,5,0.6,Pass
675193,Adiantado,5,0.6,Pass
675225,Equilibrado,5,0.6,Pass
675233,Equilibrado,5,0.6,Pass
675261,Misto,4,0.5,Pass
675273,Misto,5,0.4,Fail
675279,Equilibrado,5,0.6,Pass
675315,Adiantado,5,0.6,Pass
675328,Adiantado,5,0.6,Pass
675337,Insuficiente,1,1.0,Withdrawn
675474,Adiantado,5,0.8,Pass
675486,Insuficiente,1,1.0,Withdrawn
675514,Insuficiente,1,1.0,Fail
675566,Tardio,5,0.6,Distinction
675577,Equilibrado,3,0.6666666666666666,Fail
675636,Equilibrado,5,0.8,Pass
675710,Adiantado,5,0.8,Distinction
675843,Insuficiente,1,1.0,Withdrawn
675947,Insuficiente,1,1.0,Withdrawn
675989,Equilibrado,5,0.8,Distinction
676007,Misto,4,0.5,Pass
676040,Insuficiente,2,1.0,Withdrawn
676064,Misto,5,0.4,Distinction
676103,Misto,5,0.4,Pass
676139,Misto,3,0.3333333333333333,Fail
676190,Equilibrado,5,0.6,Distinction
676265,Equilibrado,5,0.6,Pass
676272,Tardio,4,0.75,Fail
676303,Tardio,5,0.6,Pass
676378,Adiantado,5,0.6,Distinction
676444,Equilibrado,5,0.8,Distinction
676458,Adiantado,4,0.75,Fail
676459,Equilibrado,5,0.6,Pass
676478,Adiantado,5,0.6,Distinction
676492,Equilibrado,5,0.8,Pass
676600,Insuficiente,1,1.0,Withdrawn
676610,Equilibrado,5,0.6,Distinction
676626,Equilibrado,5,0.6,Distinction
676627,Insuficiente,1,1.0,Withdrawn
676866,Equilibrado,5,0.6,Pass
676882,Adiantado,4,0.75,Pass
677081,Insuficiente,1,1.0,Withdrawn
677085,Equilibrado,5,0.8,Pass
677111,Equilibrado,5,1.0,Pass
677138,Equilibrado,5,0.6,Distinction
677155,Equilibrado,5,0.6,Pass
677167,Adiantado,5,0.6,Pass
677206,Equilibrado,5,0.6,Pass
677221,Equilibrado,5,0.6,Distinction
677235,Misto,5,0.4,Fail
677327,Insuficiente,1,1.0,Withdrawn
677382,Equilibrado,5,0.8,Fail
677400,Adiantado,5,0.6,Distinction
677436,Misto,5,0.4,Pass
677456,Equilibrado,5,0.6,Pass
677486,Misto,4,0.5,Withdrawn
677546,Misto,5,0.4,Pass
677582,Misto,4,0.5,Withdrawn
677608,Insuficiente,1,1.0,Withdrawn
677655,Adiantado,5,0.6,Pass
677687,Misto,4,0.5,Fail
677701,Insuficiente,1,1.0,Withdrawn
677748,Equilibrado,5,1.0,Fail
677767,Misto,5,0.4,Fail
677833,Adiantado,5,0.6,Pass
677867,Insuficiente,2,0.5,Withdrawn
677869,Insuficiente,2,0.5,Fail
678088,Equilibrado,5,1.0,Pass
678203,Tardio,4,1.0,Pass
678235,Equilibrado,5,0.6,Pass
678270,Misto,5,0.4,Fail
678381,Equilibrado,5,0.6,Pass
678407,Equilibrado,3,0.6666666666666666,Withdrawn
678452,Tardio,5,0.6,Pass
678528,Adiantado,5,0.6,Fail
678619,Misto,3,0.3333333333333333,Withdrawn
678628,Tardio,5,0.6,Pass
678639,Insuficiente,1,1.0,Withdrawn
678659,Tardio,5,0.6,Pass
678819,Adiantado,5,0.8,Distinction
678831,Insuficiente,2,0.5,Withdrawn
678859,Equilibrado,5,0.8,Distinction
678877,Insuficiente,2,0.5,Withdrawn
678946,Equilibrado,5,0.8,Pass
678954,Equilibrado,5,0.8,Distinction
679019,Misto,3,0.3333333333333333,Fail
679036,Equilibrado,5,0.6,Distinction
679111,Adiantado,3,0.6666666666666666,Fail
679189,Adiantado,5,0.6,Pass
679227,Adiantado,4,0.75,Pass
679237,Tardio,5,0.8,Fail
679251,Equilibrado,4,0.75,Fail
679262,Misto,5,0.4,Pass
679269,Insuficiente,1,1.0,Withdrawn
679278,Adiantado,5,0.8,Pass
679342,Equilibrado,3,0.6666666666666666,Fail
679384,Equilibrado,5,0.8,Pass
679386,Equilibrado,5,0.6,Pass
679402,Equilibrado,5,0.6,Distinction
679445,Equilibrado,5,1.0,Pass
679448,Equilibrado,5,0.6,Pass
679498,Adiantado,5,0.6,Pass
679502,Insuficiente,1,1.0,Withdrawn
679509,Adiantado,5,0.6,Pass
679594,Equilibrado,5,1.0,Distinction
679676,Adiantado,4,0.75,Withdrawn
679749,Insuficiente,1,1.0,Withdrawn
679788,Adiantado,5,0.6,Pass
679790,Misto,5,0.4,Pass
679939,Equilibrado,5,0.6,Pass
680014,Misto,5,0.4,Distinction
680018,Equilibrado,3,0.6666666666666666,Withdrawn
680027,Equilibrado,5,0.6,Distinction
680080,Misto,4,0.5,Pass
680145,Tardio,5,0.8,Pass
680212,Misto,4,0.5,Fail
680222,Insuficiente,1,1.0,Withdrawn
680231,Insuficiente,2,0.5,Withdrawn
680255,Insuficiente,1,1.0,Fail
680266,Equilibrado,5,0.8,Distinction
680270,Adiantado,5,0.6,Fail
680273,Insuficiente,2,0.5,Withdrawn
680322,Equilibrado,5,0.6,Pass
680343,Equilibrado,5,0.6,Distinction
680348,Adiantado,5,0.6,Pass
680410,Insuficiente,1,1.0,Withdrawn
680443,Equilibrado,5,0.8,Distinction
680464,Equilibrado,5,0.6,Distinction
680506,Tardio,5,0.8,Distinction
680517,Insuficiente,1,1.0,Withdrawn
680572,Equilibrado,5,0.6,Pass
680708,Misto,5,0.4,Pass
680713,Equilibrado,5,0.6,Pass
680747,Misto,5,0.4,Pass
680775,Equilibrado,5,0.8,Pass
680810,Equilibrado,5,0.8,Distinction
680855,Insuficiente,1,1.0,Fail
680872,Misto,4,0.5,Pass
680912,Equilibrado,4,0.75,Pass
680955,Equilibrado,5,0.8,Pass
680974,Adiantado,5,0.6,Distinction
681004,Equilibrado,5,0.8,Distinction
681073,Insuficiente,1,1.0,Withdrawn
681152,Insuficiente,2,0.5,Withdrawn
681235,Misto,5,0.4,Pass
681277,Insuficiente,2,0.5,Withdrawn
681328,Adiantado,5,0.6,Distinction
681335,Insuficiente,1,1.0,Withdrawn
681341,Misto,4,0.5,Fail
681352,Misto,5,0.4,Pass
681354,Tardio,5,0.6,Pass
681452,Tardio,5,0.8,Pass
681490,Equilibrado,5,1.0,Distinction
681608,Tardio,5,0.8,Pass
681633,Equilibrado,5,0.6,Pass
681652,Equilibrado,5,0.8,Pass
681655,Misto,4,0.5,Pass
681658,Misto,5,0.4,Pass
681691,Insuficiente,1,1.0,Withdrawn
681735,Insuficiente,2,1.0,Withdrawn
681755,Equilibrado,5,0.8,Pass
681763,Adiantado,5,0.6,Pass
681938,Equilibrado,5,0.6,Distinction
681973,Tardio,5,0.6,Pass
682015,Insuficiente,1,1.0,Withdrawn
682019,Tardio,3,1.0,Withdrawn
682025,Insuficiente,2,0.5,Withdrawn
682070,Equilibrado,5,0.8,Pass
682276,Equilibrado,3,0.6666666666666666,Withdrawn
682298,Equilibrado,5,0.8,Pass
682358,Insuficiente,2,0.5,Withdrawn
682390,Tardio,5,0.6,Pass
682391,Insuficiente,2,1.0,Fail
682436,Misto,5,0.4,Pass
682437,Equilibrado,5,0.6,Pass
682504,Insuficiente,2,1.0,Withdrawn
682511,Equilibrado,5,0.6,Pass
682539,Equilibrado,5,0.8,Distinction
682546,Insuficiente,1,1.0,Withdrawn
682569,Equilibrado,5,0.6,Pass
682578,Insuficiente,1,1.0,Fail
682588,Misto,4,0.5,Fail
682613,Equilibrado,5,0.6,Pass
682632,Equilibrado,5,0.8,Pass
682671,Insuficiente,1,1.0,Withdrawn
682695,Adiantado,5,0.6,Pass
682753,Equilibrado,5,0.8,Pass
682839,Equilibrado,5,0.8,Pass
682863,Insuficiente,2,1.0,Withdrawn
682894,Equilibrado,5,0.6,Withdrawn
682946,Insuficiente,1,1.0,Withdrawn
682963,Equilibrado,5,0.6,Pass
682981,Equilibrado,5,0.6,Distinction
682982,Insuficiente,1,1.0,Withdrawn
682983,Adiantado,5,0.6,Pass
682985,Misto,4,0.5,Fail
682990,Misto,5,0.4,Distinction
683033,Adiantado,5,0.6,Pass
683094,Adiantado,5,0.6,Fail
683177,Insuficiente,2,0.5,Withdrawn
683178,Equilibrado,5,0.8,Pass
683243,Misto,5,0.4,Fail
683305,Misto,5,0.4,Pass
683323,Insuficiente,1,1.0,Fail
683346,Adiantado,5,0.6,Distinction
683347,Insuficiente,1,1.0,Withdrawn
683352,Equilibrado,5,0.8,Pass
683353,Equilibrado,5,0.8,Pass
683375,Equilibrado,5,0.8,Pass
683403,Adiantado,5,0.6,Distinction
683446,Insuficiente,2,0.5,Fail
683467,Tardio,5,1.0,Pass
683508,Insuficiente,2,0.5,Fail
683530,Equilibrado,5,0.6,Distinction
683550,Tardio,5,0.6,Pass
683555,Insuficiente,2,0.5,Withdrawn
683576,Insuficiente,1,1.0,Withdrawn
683604,Equilibrado,5,0.6,Pass
683624,Equilibrado,5,0.8,Distinction
683699,Insuficiente,2,1.0,Withdrawn
683745,Insuficiente,2,1.0,Fail
683764,Adiantado,3,0.6666666666666666,Fail
683772,Insuficiente,2,1.0,Withdrawn
683820,Equilibrado,5,0.6,Pass
683832,Insuficiente,2,1.0,Withdrawn
683902,Misto,5,0.4,Pass
683934,Equilibrado,5,0.6,Pass
684013,Equilibrado,5,0.8,Distinction
684040,Insuficiente,2,0.5,Withdrawn
684183,Equilibrado,5,0.6,Pass
684311,Equilibrado,5,0.6,Pass
684383,Misto,5,0.4,Pass
684386,Equilibrado,5,0.6,Pass
684526,Equilibrado,4,0.75,Withdrawn
684592,Tardio,5,0.6,Pass
684594,Insuficiente,1,1.0,Withdrawn
684671,Equilibrado,5,0.6,Pass
684675,Tardio,5,0.6,Pass
684882,Equilibrado,5,0.6,Pass
684981,Equilibrado,5,0.6,Withdrawn
685004,Insuficiente,2,0.5,Fail
685100,Insuficiente,1,1.0,Withdrawn
685105,Tardio,4,0.75,Fail
685128,Misto,5,0.4,Pass
685140,Equilibrado,5,0.8,Pass
685155,Equilibrado,5,0.6,Pass
685192,Insuficiente,1,1.0,Withdrawn
685212,Equilibrado,5,0.8,Distinction
685276,Equilibrado,5,0.8,Distinction
685283,Misto,4,0.5,Fail
685330,Misto,4,0.5,Withdrawn
685339,Equilibrado,5,0.6,Pass
685367,Insuficiente,2,1.0,Fail
685373,Equilibrado,5,0.8,Distinction
685378,Misto,4,0.5,Pass
685410,Equilibrado,5,0.6,Pass
685619,Tardio,5,0.8,Pass
685657,Insuficiente,2,0.5,Withdrawn
685705,Equilibrado,5,1.0,Pass
685708,Adiantado,5,0.6,Pass
685772,Equilibrado,5,0.6,Pass
685831,Equilibrado,5,0.6,Pass
685860,Insuficiente,2,0.5,Withdrawn
685928,Insuficiente,1,1.0,Fail
685998,Insuficiente,1,1.0,Withdrawn
686065,Equilibrado,5,0.8,Distinction
686164,Insuficiente,1,1.0,Fail
686314,Adiantado,4,0.75,Pass
686317,Misto,5,0.4,Pass
686344,Equilibrado,5,0.8,Pass
686348,Equilibrado,5,0.8,Pass
686448,Insuficiente,1,1.0,Withdrawn
686498,Equilibrado,5,0.6,Pass
686522,Adiantado,5,0.8,Pass
686558,Tardio,5,1.0,Pass
686700,Tardio,5,0.8,Pass
686705,Misto,4,0.5,Pass
686786,Adiantado,3,0.6666666666666666,Fail
686946,Tardio,5,0.6,Fail
687007,Insuficiente,1,1.0,Fail
687033,Tardio,3,1.0,Fail
687073,Equilibrado,3,1.0,Withdrawn
687112,Tardio,5,0.8,Pass
687115,Tardio,5,0.8,Pass
687288,Insuficiente,2,1.0,Withdrawn
687304,Insuficiente,1,1.0,Fail
687331,Insuficiente,1,1.0,Fail
687341,Insuficiente,2,0.5,Withdrawn
687345,Equilibrado,3,1.0,Fail
687351,Tardio,5,0.6,Pass
687410,Misto,5,0.4,Pass
687434,Equilibrado,5,0.6,Distinction
687468,Adiantado,5,0.6,Distinction
687485,Equilibrado,5,0.6,Pass
687503,Adiantado,5,0.6,Pass
687510,Insuficiente,2,1.0,Withdrawn
687511,Insuficiente,2,0.5,Withdrawn
687525,Insuficiente,2,0.5,Fail
687686,Equilibrado,4,0.75,Fail
687752,Insuficiente,2,0.5,Withdrawn
687846,Tardio,4,0.75,Pass
687910,Equilibrado,5,0.6,Pass
687930,Equilibrado,5,0.6,Pass
687931,Equilibrado,5,0.6,Pass
687988,Equilibrado,5,0.8,Pass
688008,Adiantado,5,0.6,Pass
688071,Insuficiente,1,1.0,Fail
688127,Adiantado,5,0.6,Distinction
688136,Adiantado,5,0.8,Fail
688159,Insuficiente,2,0.5,Withdrawn
688192,Equilibrado,5,0.8,Fail
688225,Equilibrado,3,0.6666666666666666,Fail
688250,Insuficiente,2,0.5,Fail
688265,Equilibrado,5,0.6,Fail
688337,Equilibrado,5,0.8,Pass
688453,Insuficiente,1,1.0,Fail
688470,Tardio,4,0.75,Fail
688543,Equilibrado,5,0.8,Pass
688664,Insuficiente,1,1.0,Withdrawn
688667,Equilibrado,5,0.8,Pass
688685,Equilibrado,5,0.8,Pass
688727,Equilibrado,5,0.6,Distinction
688881,Insuficiente,2,0.5,Withdrawn
688891,Adiantado,5,0.6,Fail
688895,Equilibrado,5,0.8,Distinction
688904,Equilibrado,3,0.6666666666666666,Withdrawn
688976,Misto,3,0.3333333333333333,Fail
689005,Misto,5,0.4,Pass
689052,Insuficiente,2,0.5,Fail
689056,Misto,4,0.5,Pass
689225,Insuficiente,1,1.0,Withdrawn
689260,Equilibrado,5,0.6,Pass
689280,Adiantado,5,0.6,Distinction
689347,Equilibrado,5,0.8,Pass
689444,Misto,4,0.5,Fail
689498,Insuficiente,1,1.0,Withdrawn
689626,Insuficiente,1,1.0,Fail
689796,Equilibrado,5,0.8,Pass
689827,Insuficiente,1,1.0,Withdrawn
689832,Equilibrado,5,0.6,Pass
689855,Equilibrado,5,1.0,Distinction
689924,Adiantado,5,0.6,Pass
690075,Tardio,5,0.6,Pass
690198,Misto,5,0.4,Distinction
690296,Insuficiente,2,0.5,Withdrawn
690382,Misto,4,0.5,Pass
690585,Insuficiente,1,1.0,Fail
690628,Equilibrado,5,0.6,Pass
690635,Adiantado,5,0.6,Distinction
690746,Equilibrado,5,0.6,Distinction
690832,Misto,4,0.5,Fail
690872,Misto,5,0.4,Pass
690962,Equilibrado,3,0.6666666666666666,Withdrawn
691269,Misto,5,0.4,Pass
691280,Tardio,5,0.6,Pass
691326,Adiantado,5,0.8,Fail
691375,Adiantado,3,0.6666666666666666,Fail
691465,Equilibrado,5,0.6,Fail
691699,Misto,5,0.4,Pass
691722,Equilibrado,5,0.8,Distinction
691805,Insuficiente,1,1.0,Withdrawn
691873,Equilibrado,5,0.8,Pass
691932,Equilibrado,5,0.6,Pass
692010,Equilibrado,5,0.6,Pass
692097,Equilibrado,5,0.6,Pass
692220,Equilibrado,5,0.6,Pass
692297,Insuficiente,2,1.0,Fail
692301,Tardio,5,0.8,Pass
692334,Misto,5,0.4,Pass
692454,Adiantado,5,1.0,Pass
692612,Adiantado,5,0.6,Pass
692632,Insuficiente,2,0.5,Fail
692893,Equilibrado,5,0.6,Pass
692946,Equilibrado,3,0.6666666666666666,Fail
692962,Equilibrado,5,0.6,Pass
692968,Misto,5,0.4,Pass
693160,Equilibrado,4,0.75,Pass
693162,Equilibrado,5,0.6,Distinction
693197,Misto,5,0.4,Pass
693236,Equilibrado,5,0.6,Pass
693345,Adiantado,5,0.8,Pass
693373,Equilibrado,5,0.8,Distinction
693497,Adiantado,5,0.6,Pass
693519,Tardio,5,0.8,Pass
693573,Insuficiente,2,0.5,Withdrawn
693628,Adiantado,5,0.6,Pass
693764,Misto,4,0.5,Pass
693806,Adiantado,5,0.8,Distinction
693812,Insuficiente,1,1.0,Withdrawn
693873,Tardio,5,0.6,Fail
693903,Equilibrado,5,0.6,Distinction
693906,Insuficiente,2,0.5,Withdrawn
693907,Equilibrado,5,0.8,Pass
694128,Equilibrado,4,1.0,Pass
694144,Equilibrado,5,0.6,Distinction
694221,Equilibrado,5,0.8,Fail
694284,Insuficiente,2,0.5,Withdrawn
694376,Insuficiente,1,1.0,Fail
694428,Misto,4,0.5,Pass
694456,Misto,4,0.5,Pass
694622,Equilibrado,5,0.6,Pass
694716,Tardio,5,0.6,Pass
694827,Misto,5,0.4,Pass
694836,Equilibrado,5,1.0,Pass
694848,Equilibrado,5,0.6,Distinction
695090,Tardio,5,0.6,Pass
695169,Tardio,5,0.6,Pass
695220,Insuficiente,1,1.0,Withdrawn
695250,Insuficiente,2,0.5,Withdrawn
695251,Insuficiente,1,1.0,Withdrawn
695369,Insuficiente,1,1.0,Withdrawn
695471,Adiantado,5,0.6,Pass
695485,Misto,5,0.4,Pass
695550,Insuficiente,2,1.0,Fail
695637,Adiantado,5,0.6,Distinction
695676,Insuficiente,1,1.0,Withdrawn
695700,Insuficiente,2,0.5,Fail
695729,Equilibrado,5,0.6,Pass
695748,Insuficiente,2,1.0,Withdrawn
695803,Equilibrado,5,0.6,Pass
695825,Misto,4,0.5,Withdrawn
695869,Equilibrado,5,0.8,Pass
695879,Insuficiente,1,1.0,Withdrawn
695926,Insuficiente,2,0.5,Fail
695964,Insuficiente,1,1.0,Withdrawn
696039,Misto,5,0.4,Fail
696043,Misto,5,0.4,Distinction
696071,Insuficiente,2,1.0,Withdrawn
696082,Equilibrado,5,0.6,Pass
696188,Tardio,5,0.8,Pass
696275,Equilibrado,5,0.8,Distinction
696318,Equilibrado,5,0.6,Distinction
696329,Equilibrado,5,0.6,Distinction
696347,Adiantado,5,0.6,Pass
696364,Misto,5,0.4,Pass
696410,Insuficiente,1,1.0,Withdrawn
696456,Insuficiente,2,0.5,Fail
696583,Misto,4,0.5,Fail
696615,Insuficiente,2,0.5,Fail
696653,Misto,3,0.3333333333333333,Fail
696659,Equilibrado,5,0.8,Pass
696662,Equilibrado,5,0.8,Distinction
696666,Tardio,5,0.8,Fail
696671,Equilibrado,5,0.8,Pass
696672,Misto,3,0.3333333333333333,Pass
696674,Misto,4,0.5,Pass
696678,Equilibrado,5,0.8,Pass
696729,Adiantado,5,0.6,Pass
697027,Equilibrado,3,0.6666666666666666,Fail
697042,Insuficiente,2,1.0,Withdrawn
697114,Tardio,4,1.0,Pass
697160,Insuficiente,1,1.0,Fail
697192,Insuficiente,1,1.0,Withdrawn
697255,Misto,5,0.4,Pass
697299,Insuficiente,1,1.0,Withdrawn
697438,Misto,4,0.5,Withdrawn
697478,Misto,4,0.5,Pass
697665,Insuficiente,1,1.0,Withdrawn
697878,Misto,5,0.4,Pass
697998,Equilibrado,5,0.8,Pass
698015,Equilibrado,4,0.75,Pass
698020,Insuficiente,1,1.0,Withdrawn
698112,Insuficiente,1,1.0,Withdrawn
698193,Insuficiente,1,1.0,Fail
698278,Insuficiente,1,1.0,Withdrawn
698384,Adiantado,5,0.6,Pass
698407,Insuficiente,1,1.0,Fail
698485,Equilibrado,5,0.6,Pass
698656,Adiantado,5,0.6,Pass
698762,Insuficiente,1,1.0,Withdrawn
699126,Tardio,4,0.75,Pass
699127,Tardio,5,0.8,Fail
699128,Misto,5,0.4,Pass
836614,Insuficiente,2,1.0,Fail
884652,Insuficiente,1,1.0,Withdrawn
895524,Equilibrado,5,1.0,Distinction
1021350,Equilibrado,3,0.6666666666666666,Fail
1042726,Misto,5,0.4,Fail
1318759,Equilibrado,5,0.8,Pass
1348205,Equilibrado,5,0.8,Distinction
1391717,Misto,5,0.4,Pass
1409532,Misto,4,0.5,Fail
1413902,Misto,5,0.4,Fail
1424608,Insuficiente,1,1.0,Withdrawn
1448966,Tardio,5,0.6,Pass
1450604,Adiantado,5,0.6,Pass
1473878,Equilibrado,5,0.6,Pass
1477284,Insuficiente,2,0.5,Withdrawn
1501577,Equilibrado,5,0.6,Distinction
1514245,Insuficiente,2,0.5,Withdrawn
1532711,Tardio,3,0.6666666666666666,Withdrawn
1585671,Equilibrado,5,0.6,Pass
1588621,Insuficiente,1,1.0,Withdrawn
1603549,Misto,5,0.4,Pass
1631797,Adiantado,4,0.75,Pass
1639699,Equilibrado,5,0.6,Pass
1640680,Equilibrado,4,0.75,Pass
1658963,Misto,5,0.4,Pass
1677677,Misto,4,0.5,Pass
1683192,Insuficiente,1,1.0,Withdrawn
1722493,Equilibrado,5,0.6,Fail
1733664,Misto,3,0.3333333333333333,Fail
1752994,Equilibrado,4,0.75,Pass
1755594,Equilibrado,5,0.6,Distinction
1765045,Insuficiente,1,1.0,Withdrawn
1771775,Misto,4,0.5,Pass
1796402,Equilibrado,4,0.75,Pass
1810759,Adiantado,5,0.6,Pass
1816458,Adiantado,5,0.6,Pass
1817710,Misto,5,0.4,Distinction
1818385,Misto,4,0.5,Pass
1836241,Equilibrado,5,0.6,Pass
1837138,Equilibrado,5,0.6,Distinction
1856869,Misto,4,0.5,Fail
1866233,Insuficiente,1,1.0,Fail
1871598,Equilibrado,5,0.8,Distinction
1871684,Adiantado,5,0.6,Pass
1877902,Adiantado,5,0.6,Pass
1879321,Adiantado,5,0.6,Distinction
1881231,Adiantado,5,0.6,Pass
1887108,Equilibrado,5,0.6,Pass
1889752,Adiantado,5,0.6,Pass
1944167,Adiantado,3,0.6666666666666666,Fail
1948159,Adiantado,5,0.6,Distinction
1962049,Equilibrado,5,0.8,Pass
1962062,Misto,4,0.5,Fail
1972092,Equilibrado,5,0.6,Pass
1995177,Adiantado,5,0.6,Distinction
1998834,Misto,4,0.5,Pass
2017487,Equilibrado,5,0.8,Distinction
2020628,Equilibrado,5,0.6,Pass
2026075,Equilibrado,4,0.75,Withdrawn
2028523,Insuficiente,1,1.0,Withdrawn
2029571,Equilibrado,4,0.75,Withdrawn
2035700,Equilibrado,5,0.6,Pass
2036893,Insuficiente,1,1.0,Withdrawn
2047575,Equilibrado,5,0.6,Distinction
2065972,Adiantado,5,0.6,Pass
2067799,Tardio,4,0.75,Fail
2081123,Equilibrado,5,1.0,Pass
2096251,Adiantado,5,0.6,Pass
2103552,Equilibrado,4,0.75,Withdrawn
2104819,Insuficiente,2,1.0,Withdrawn
2106955,Equilibrado,5,0.8,Distinction
2107747,Insuficiente,2,1.0,Withdrawn
2128283,Equilibrado,4,0.75,Pass
2138970,Misto,5,0.4,Pass
2140300,Adiantado,5,0.6,Pass
2143312,Equilibrado,5,0.8,Distinction
2143440,Equilibrado,5,0.8,Pass
2154361,Misto,5,0.4,Pass
2160316,Equilibrado,5,0.8,Distinction
2161710,Insuficiente,2,1.0,Fail
2178837,Equilibrado,4,1.0,Pass
2180090,Equilibrado,5,1.0,Distinction
2185729,Equilibrado,5,0.8,Pass
2195853,Insuficiente,1,1.0,Fail
2197766,Equilibrado,5,0.6,Distinction
2198970,Insuficiente,2,0.5,Withdrawn
2223401,Insuficiente,1,1.0,Withdrawn
2254637,Equilibrado,5,0.6,Pass
2256134,Insuficiente,2,1.0,Withdrawn
2272023,Insuficiente,2,0.5,Withdrawn
2274542,Equilibrado,5,0.6,Pass
2278101,Tardio,5,0.8,Pass
2282620,Insuficiente,2,1.0,Fail
2283708,Insuficiente,2,0.5,Withdrawn
2293511,Adiantado,5,0.6,Distinction
2298106,Tardio,5,0.6,Distinction
2298895,Equilibrado,5,0.8,Distinction
2301830,Adiantado,5,0.6,Pass
2306410,Equilibrado,5,0.6,Pass
2316717,Equilibrado,3,0.6666666666666666,Withdrawn
2332934,Misto,4,0.5,Fail
2339267,Tardio,4,1.0,Pass
2341420,Adiantado,5,0.6,Pass
2343785,Adiantado,5,0.6,Pass
2351969,Tardio,5,0.6,Pass
2360559,Adiantado,5,0.6,Pass
2366656,Equilibrado,5,0.6,Distinction
2378208,Equilibrado,5,0.8,Pass
2386732,Adiantado,5,0.6,Distinction
2395016,Insuficiente,1,1.0,Withdrawn
2399758,Adiantado,5,0.6,Pass
2403701,Equilibrado,5,1.0,Pass
2417433,Insuficiente,2,0.5,Fail
2417975,Misto,4,0.5,Pass
2424257,Equilibrado,5,0.6,Fail
2427845,Equilibrado,5,1.0,Pass
2438784,Adiantado,5,0.6,Pass
2449490,Insuficiente,1,1.0,Withdrawn
2457440,Adiantado,5,0.8,Pass
2459292,Misto,4,0.5,Pass
2470326,Insuficiente,2,0.5,Fail
2480886,Equilibrado,4,0.75,Fail
2482710,Tardio,5,0.6,Pass
2486930,Tardio,5,0.6,Pass
2499307,Misto,5,0.4,Pass
2504129,Insuficiente,2,0.5,Fail
2505058,Insuficiente,1,1.0,Fail
2519138,Equilibrado,5,0.6,Pass
2529052,Insuficiente,2,0.5,Fail
2529419,Equilibrado,5,0.8,Pass
2530976,Misto,4,0.5,Pass
2537777,Adiantado,5,0.6,Fail
2540871,Equilibrado,4,0.75,Fail
2542209,Equilibrado,5,0.6,Fail
2544643,Equilibrado,5,0.8,Distinction
2544766,Misto,5,0.4,Pass
2546315,Equilibrado,5,0.8,Distinction
2550534,Adiantado,3,0.6666666666666666,Withdrawn
2557008,Adiantado,5,0.6,Distinction
2558365,Misto,3,0.3333333333333333,Fail
2559144,Misto,4,0.5,Pass
2563095,Misto,4,0.5,Pass
2579891,Equilibrado,5,0.6,Pass
2584244,Tardio,5,0.6,Pass
2597117,Equilibrado,5,0.6,Distinction
2599162,Insuficiente,1,1.0,Withdrawn
2599883,Equilibrado,5,0.6,Pass
2602542,Equilibrado,5,0.8,Distinction
2603027,Equilibrado,5,0.6,Pass
2612102,Equilibrado,5,0.8,Distinction
2612728,Insuficiente,1,1.0,Withdrawn
2624028,Adiantado,5,0.8,Pass
2630284,Insuficiente,1,1.0,Withdrawn
2641156,Tardio,5,0.6,Pass
2642532,Equilibrado,5,0.6,Pass
2643472,Tardio,4,0.75,Pass
2643829,Misto,4,0.5,Fail
2649948,Equilibrado,5,0.6,Fail
2657913,Misto,5,0.4,Pass
2658856,Adiantado,5,0.8,Pass
2667478,Equilibrado,4,0.75,Fail
2678580,Insuficiente,2,1.0,Withdrawn
2681198,Adiantado,5,0.6,Pass
2682682,Misto,5,0.4,Distinction
2683857,Equilibrado,5,0.6,Pass
2684048,Insuficiente,1,1.0,Withdrawn
2686035,Adiantado,5,0.6,Withdrawn
2693932,Misto,4,0.5,Pass
2694139,Tardio,3,0.6666666666666666,Withdrawn
2697921,Misto,5,0.4,Pass
